serial_number,thumbprint,subject_cn,issuer_cn,Reason
08d4352185317271c1cec9d05c279af7,ec5200a97ca26f55a1ab0ad7923d9447fea473cc2e42dca69a70defe014624d6,Retalit LLC,DigiCert EV Code Signing CA (SHA2),BuerLoader
90212473c706f523fe84bdb9a78a01f4,6b18e9451c2e93564ed255e754b7e1cf0f817abda93015b21ae5e247c75f9d03,"DEMUS, OOO",COMODO RSA Code Signing CA,Cerber
5c9f5f96726a6e6fc3b8bb153ac82af2,285925b7c7c692f8d71d980dcf2ddb4c208a0f7b826ead34db402755d1a0f6de,1105 SOFTWARE LLC,SSL.com EV Code Signing Intermediate CA RSA R3,IcedID
2a2f270535c2d5e7630720fb229b5d1c,73a0cc4495a49492806b970fd844a0ab078126930305d22c7bf68b43c337fc1a,KOZUZ SP. Z O.O.,Certum Extended Validation Code Signing 2021 CA,IcedID
4659fa5fc1e0397df79fd6a4083d93b0,fa5f2dbe813b0270b1f9e53da1be024fb495e8b1848bb3c9c7392a40c8f7e8e6,Incuber Services LLP,Sectigo Public Code Signing CA R36,RedLineStealer
651f3e5b491b197d20c49b9c7b25b775,0ee11d5917c486b7a57b7c3c566acec251170e98a577164f36b7d7d34f035499,Rhynedahll Software LLC,SSL.com EV Code Signing Intermediate CA RSA R3,NetSupport
1966bc76bda1a708334792da9a336f69,2b605cc585ad6b73fe4b6b1c446bec2a61e408bdfe970e970f8e5c81b370068f,SYNTHETIC LABS LIMITED,SSL.com Code Signing Intermediate CA RSA R1,Havoc
67936a84bed66ef021dbe771de331772,8fff75906628b764e99a7a028112a8ec7794097e564f0f897c24c2baaa82ded8,"APEX SOFTWARE DESIGN, LLC",SSL.com EV Code Signing Intermediate CA RSA R3,IcedID
8538a6c5018f50fc,d42519dac24abc5c1ebfc6e0da0fd2e7cfb9db50c0598948c6630fdc132c7f94,"Trading Technologies International, Inc.",Go Daddy Secure Certificate Authority - G2,Malware
fecc3b3c675f7ffd7de22507f3fdacd7,6b8cc2be066ff0bf1d884892fc600482fc34eaddb3a5e6681b509d64795b01d4,Gromit Electronics Limited,Sectigo Public Code Signing CA R36,RemcosRAT
5294f0f841f29855e33a18402421949a,df744f6b9430237821e3f2bc6edafb4a92354dda1734a60d5e0d816256aefb47,Integrated Plotting Solutions Limited,Sectigo Public Code Signing CA R36,RemcosRAT
1614ef66b2c4b886e71a93dd34869f48,1689697e08dda6d1233c0056078ddf25b12c3608ead7d96ed4cbbb074e54ce29,SHIRT AND CUFF LIMITED,Sectigo Public Code Signing CA R36,RemcosRAT
be2f22c152bb218b898c4029056816a9,3c5adc58c3499c4289905149f53253ba6692821aed8908c3ea9f6aba4d74da4e,Marts GmbH,Sectigo Public Code Signing CA R36,TrueBot
40e27b7404aa9b485f8a2fc0c8e53af3,1c46f0a782730fd80b70849ca2133c5f8ba81feaebababb95157a24eaea682e7,"Southern Wall Systems, LLC",SSL.com EV Code Signing Intermediate CA RSA R3,IcedID
65cfd8419d70ce4011d97bc79d18315e,7cff10e37a43843e971f02ca6ad6510f08a5209d21745181fc4d003a8287cd1b,FACE AESTHETICS LTD,Sectigo Public Code Signing CA R36,BumbleBee
01cf0b0f01b20b70bfaa69722979ef5c,ef10480ab6448e60bdc689fc54cb6cfc4a8e1d39ddc788ce3d060ab4b7d30b59,PET PLUS PTY LTD,DigiCert EV Code Signing CA (SHA2),Ryuk
698ff388adb50b88afb832e76b0a0ad1,479e01dde7e7529ed4ad111a2d7b3b16fdc6fbe2ed0d6ff015c1c823ca0939db,BELLAP LIMITED,SSL.com Code Signing Intermediate CA RSA R1,IcedID
5143cf38d5fd26858830826632be9fda,57a8aa854f3198f069bb34bc763b7773a8cfdafb562ee0ccf24a5067d45d5e3c,DIGI CORP MEDIA LLC,SSL.com EV Code Signing Intermediate CA RSA R3,BumbleBee
3628b93bcd902b6b3e1ffdf2e13dfcf5,27b75dc1d31a581f6e02bba3c03a62174ee4456021c7de50922caa10b98f8f7a,"AMCERT,LLC",Sectigo Public Code Signing CA R36,Malware
a32b8b4f1be43c23eb2848ab4ef06bb2,f7a578c93fd98ade3d259ac47f152d8c9115bc5df7e2f57d107a66db3f833f0f,Pak El AB,Sectigo Public Code Signing CA EV R36,NetSupport RAT
17ccecc181ed65a357edf3b01df62cc9,b64bd77a58c90f76afd6c4ce0b38c54c3c6088b818d0b83e5435d89e3dc01cda,"AMCERT,LLC",Sectigo Public Code Signing CA R36,RedLineStealer
5da173eb1ac76340ac058e1ff4bf5e1b,ac2fb59e222285522c8ccdd03cad508aef0a19ad9a8951f487923459336295ed,ALISA LTD,Sectigo RSA Code Signing CA,LockerGoga
332bd5801e8415585e72c87e0e2ec71d,47338c1a0ea425c47dede188d10ca95288514f369fe8a5105752bd8d906b8cbc,"Elite Marketing Strategies, Inc.",Certum Extended Validation Code Signing 2021 CA,NetSupport
0139dde119bb320dfb9f5defe3f71245,23d13a8e48a6eff191a5d6a0635b99467c2e7242ae520479cae130fbd41cc645,"Hangil IT Co., Ltd",Sectigo Public Code Signing CA R36,RedLineStealer
2f96a89bfec6e44dd224e8fd7e72d9bb,f13e4801e13898e839183e3305e1dda7f4c0ebf6eaf7553e18c1ddd4edc94470,NAILS UNLIMITED LIMITED,Sectigo Public Code Signing CA R36,Gozi
626735ed30e50e3e0553986d806bfc54,a1488004ec967faf6c66f55440bbde0de47065490f7c758f3ca1315bb0ef3b97,FISH ACCOUNTING & TRANSLATING LIMITED,Sectigo Public Code Signing CA R36,Quakbot
4a2e337fff23e5b2a1321ffde56d1759,67099e0c41c102535d388fab1de576433f2ded2b08fb7da1bf66e3bdaba4eeb4,Karolina Klimowska,Certum Extended Validation Code Signing 2021 CA,IcedID
967cb0898680d1c174b2baae5fa332db,c231f1e6cc3aec983d892e1bc3bb1815335fb24e3e2f611d79bade9a07cbd819,James Caulfield,Sectigo RSA Code Signing CA,Babadeda
890570b6b0e2868a53be3f8f904a88ee,f291d21d72dcefc369526a97b7d39214544b22057757ac00907ab4ff3baa2edd,JESEN LESS d.o.o.,Sectigo Public Code Signing CA R36,Quakbot
7d27332c3cb3a382a4fd232c5c66a2,935af7361c09f45dcf3fa6e4f4fd176913c47673104272259b40de55566cabed,MALVINA RECRUITMENT LIMITED,Sectigo Public Code Signing CA R36,Silence
ede6cfbf9fa18337b0fdb49c1f693020,5fcbe36c0c921ccaf5406d1245f8fdd0a7a3281bad3ca6b56dc43e65cc8b1fe7,START ARCHITECTURE LTD,Sectigo RSA Code Signing CA,Servhelper
40f5660a90301e7a8a8c3b42,2ac041e3c46c82fbcee34617ee31336e845e18efe6b9ae5c8811351db5b56da2,Booz Allen Hamilton Inc.,GlobalSign GCC R45 CodeSigning CA 2020,Cobalt Strike
dfc1f1b0f205cc17ed7d216bb991f859,b577362c1abcfb7d163b8702f23a6a3643c72ea0a3c8cf262092903a3110fa04,Astori LLC,COMODO RSA Code Signing CA,PrivateLoader
e573d9c8b403c41bd59ffa0a8efd4168,a9ab2be0ea677c6c6ed67b23cfee0fa44bfb346a4bb720f10a3f02a78b8f5c82,"\VERONIKA 2\"" OOO""",Sectigo RSA Code Signing CA,Dridex
2f38de4ced0b070973b9e9b9b1dcfa7f,71382f6c6e48df51f15606380cd6948bf37f044d18566ebc2d262fc87e70b9b1,Fahad Malik,Sectigo RSA Code Signing CA,Gh0stRAT
53e1f226cb77574f8fbeb5682da091bb,d247ec7e224a24683da3f138112ffc9607f83c917d6c45494dd744d732249260,OdyLab Inc,SSL.com EV Code Signing Intermediate CA RSA R3,SystemBC
df2547b2cab5689a81d61de80eaaa3a2,4c6e21a6e96ea6fae6c142c2d1c919f590d9bf4e5c6b0f3ec7f9b0a38f3ce45d,FORWARD MUSIC AGENCY SRL,Sectigo Public Code Signing CA R36,IcedID
58af00ce542760fc116b41fa92e18589,620dafea381ab657e0335321ca5a95077f33021927a32d5d62bff7e33704f4b7,DICKIE MUSDALE WINDFARM LIMITED,Sectigo Public Code Signing CA R36,Quakbot
5b1f9ec88d185631ab032dbfd5166c0d,a46234c01e9f9904e500aefad4b5718d86aaec4e084b3d8ffbfe5724f8ddda45,TOPFLIGHT GROUP LIMITED,Sectigo Public Code Signing CA R36,Quakbot
ff52eb011bb748fee75153cbe1e50dd6,c75025c80ab583a6ab87070e5b65c93cb59b48e0cbb5f99113e354a96f8fcd39,TASK ANNA LIMITED,Sectigo Public Code Signing CA R36,Quakbot
eda0f47b3b38e781cdf6ef6be5d3f6ee,1ef38b7c430c09062f4408c47da14d814be5e2e99749e65a2cf097f5610024fc,ADVANCED ACCESS SERVICES LTD,Sectigo Public Code Signing CA R36,Matanbuchus
4728189fa0f57793484cdf764f5e283d,89ff94ac1c577eced3afc9a81689d30ca238a8472ad0f025f6bed57a98dbb273,Power Save Systems s.r.o.,Sectigo Public Code Signing CA R36,Quakbot
24e4a2b3db6be1007b9ddc91995bc0c8,005af6c8e9f06a2258c2df70785a5622c8d10d982fdc7f4dbe2f53af6e860359,FLY BETTER s.r.o.,Sectigo Public Code Signing CA R36,Quakbot
0772b4d1d63233d2b8771997bc8da5c4,c6a78692f2fda8908933fb3f1df68592eb5da129caafd33329d1b804006973f7,Maya logistika d.o.o.,DigiCert Trusted G4 Code Signing RSA4096 SHA384 2021 CA1,IcedID
1deea179f5757fe529043577762419df,9c4e87ccd6004a70115f8e654b8cc1a80d488876ff2e4e7db598303fa41b3fef,SPIRIT CONSULTING s. r. o.,Sectigo Public Code Signing CA R36,Quakbot
061a27a3a3771bb440fc16cadf2675c4,9ed703ba7033af5f88a5f5ef0155adc41715d3175eec836822a09a93d56e4b7f,"Westeast Tech Consulting, Corp.",DigiCert Trusted G4 Code Signing RSA4096 SHA384 2021 CA1,Matanbuchus
06675181e7b5e1030b3d40926e2a47d3,b617253b3695fd498d645bd8278d1bdae2bc36bd4da713c6938e3fe6b0cdb9a4,ORANGE VIEW LIMITED,DigiCert EV Code Signing CA,NetWire
dbc03ca7e6ae6db6,e059776cb5e640569a06c2548e87af5bd655f5d4815b8f6e9482835455930987,SPIDER DEVELOPMENTS PTY LTD,Go Daddy Secure Certificate Authority - G2,CobaltStrike
26f855a25890b749578f13e4b9459768,7c81ba35732d1998def02461217cfd723150151bc93375a3e27c2cec33915660,Boo’s Q & Sweets Corporation,Sectigo Public Code Signing CA R36,Quakbot
25ba18a267d6d8e08ebc6e2457d58d1e,e59824f73703461c2c170681872a28a9bc4731d4b49079aa3afba1d29f83d736,5Y TECHNOLOGY LIMITED,Sectigo Public Code Signing CA R36,BadNews
0a2787fbb4627c91611573e323584113,8badf05b1814d40fb7055283a69a0bc328943100fe12b629f1c14b9448163aac,exxon.com,GeoTrust RSA CA 2018,Malware
c81319d20c6f1f1aec3398522189d90c,18d8be8afa6613e2ef037598a6e08e0ef197d420f21aa4050f473fcabd16644a,"AMCERT,LLC",Sectigo Public Code Signing CA R36,RedLineStealer
77550ed697992b397e3f1ad8e2a662d1,0c439c7b60714158f62c45921caf30d17dae37ec6cbc2dfdd9d306e18ae6df63,"GRASS RAIN, s.r.o.",Sectigo Public Code Signing CA R36,ParallaxRAT
b1bbef3aba79ab2eae5b8015f26b34f8,247a10fc20386f4f54b7451aecc2d97ec77567c5031028cc7f1b98f9191bee80,"DIDZHITAL ART, OOO",COMODO RSA Code Signing CA,NW0rm
05d50a0e09bb9a836ffb90a3,2d072e0e80885a82d5e35806b052ca416994e0fe06da1cfdcebd509d967a1aae,Toliz Info Tech Solutions INC.,GlobalSign GCC R45 EV CodeSigning CA 2020,ParallaxRAT
623eae6a66d3a6ee80df9ccebe51181e,21c4e9af43068d041e6aec84341ae89cabb9917792c4bc372eced059555bb845,GAIN AI LTD,Sectigo Public Code Signing CA R36,Quakbot
0a392f03ded5d73cdeeda75052a57176,cf1d95b39cc695e90dc2ca8b1b50f33b71f9f21091df2b72ed97f0759b5ddde4,FLOWER COMPUTERS LTD,Sectigo Public Code Signing CA R36,Quakbot
e9268ed63a7d7e9dfd40a664ddfbaf18,0767b9ab857b8e24282b80a7368323689a842e6c8b5a00a4f965c03e375e8b0d,"Casta, s.r.o.",Sectigo Public Code Signing CA R36,Hive
da156922f4760e0c5f5bcf79812a27e1,6e19e012f55e0bb44e9036d4445ab945942965dcb81b9ed24ad6fc17933c4fce,DRINK AND BUBBLE LTD,Sectigo Public Code Signing CA R36,Quakbot
5226a724cfa0b4bc0164ecda3f02a3dc,92f005b9c46c7993205d9451823cf0410d1afbd7056a7dcdfa2b8b3da74ee1bf,VALENTE SP Z O O,Sectigo Public Code Signing CA R36,Quakbot
121070be1e782f206985543bc7bc58b6,a4534aff03258589a2622398d1904d3bfd264c37e8649a68136f8d552f8b738f,Prod Can Holdings Inc.,Sectigo Public Code Signing CA R36,Quakbot
15c21dab7f4e644e4b35c4858004d8a9,34a9cd401a5a86c5194954df3a497094c01b6603264aab5cf7d9b3c4a0074801,"P.REGO, s.r.o.",Sectigo Public Code Signing CA R36,Quakbot
101d6a5a29d9a77807553ceac669d853,cd6aa9a7a4898e42b8361dc3542d0afb72e6deefc0b85ebfb55d282a2982b994,BIC GROUP LIMITED,Sectigo Public Code Signing CA R36,IcedID
4679c5398a279318365fd77a84445699,8fcef52c16987307f4e1f7d4b62304c65aedb952c90bb2ead8321f1e1d7c9a6e,HURT GROUP HOLDINGS LIMITED,Sectigo Public Code Signing CA R36,Quakbot
282a8a04073eced658b9770bda8c0d28,5cd4832101eb4f173c43986d5711087c8de25e6fcaef2f333e98a013e29b8373,OOO Betamaynd,Sectigo Public Code Signing CA R36,RedLineStealer
0c48732873ac8ccebaf8f0e1e8329cec,14ffc96c8cc2ea2d732ed75c3093d20187a4c72d02654ff4520448ba7f8c7df6,Hermetica Digital Ltd,DigiCert EV Code Signing CA (SHA2),HermeticWiper
43bb437d609866286dd839e1d00309f5,21c13d0a5037ebb97eb9ae094d8d5839b4bc9bba751c848064c82ec3a42a3134,NVIDIA Corporation,VeriSign Class 3 Code Signing 2010 CA,QuasarRAT
da20761afbb0463c55b1ea88bbc7ec57,f12dd6e77ffab75870b24dd5bfda5a360843f9e5591e764be9f0a2ac59a710d3,CLEVER CLOSE s.r.o.,Sectigo Public Code Signing CA R36,Quakbot
c51f4cf4d82bc920421e1ad93e39d490,d17dc7ef018e13b9a482b60871e25447fb1ae724dfe69b5287dce6b9b78d84a9,CUT AHEAD LTD,Sectigo Public Code Signing CA R36,Quakbot
69a72f5591ad78a0825fbb9402ab9543,42a6612f4c652b521435989b5f044403649fef6db4fb476f3c4d981dc2f9bdf8,PUSH BANK LIMITED,Sectigo Public Code Signing CA R36,Quakbot
8cece6df54cf6ad63596546d77ba3581,1a9ff8aba1b24e3bd06442ac6d593ff224b685cba4edef79e740f569ab453161,Mikael LLC,Sectigo RSA Code Signing CA,Malware
db95b22362d46a73c39e0ac924883c5b,751a7e6c4dbe6e7ca633b91515c9f620bff6314ce09969a3af26d18945dc43b5,SPSLTD PLYMOUTH LTD,Sectigo RSA Code Signing CA,Smoke Loader
d3aee8abb9948844a3ac1c04cc7e6bdf,e386450257e170981513b7001a82fb029f0931e5c2f11c6d9b86660da0b89a66,HOUSE 9A s.r.o,Sectigo Public Code Signing CA R36,Quakbot
6000f8c02b0a15b1e53b8399845faddf,6f18caa7cd75582d3a311dcc2dadec2ed32e15261c1dc5c9471e213d28367362,SAY LIMITED,Sectigo Public Code Signing CA R36,Amadey
f6ad45188e5566aa317be23b4b8b2c2f,ae7db8b64e8abd9d36876f049b9770d90c0868d7fe1a2d37cf327df69fa2dbfe,Gary Kramlich,Sectigo RSA Code Signing CA,Numando
74fc9257bc86f8c618501695ad4b1606,8ebbb2ab8f2e1366d0137e5026e07fde229f45f39d043c7ad36091b8eb2a923e,169Teaco Limited,Sectigo Public Code Signing CA R36,ParallaxRAT
3b0914e2982be8980aa23f49848555e5,254e59ea93fa5f2a6af44f9631660f7b6cca4b4c9f97046405bcfed5589a32fa,Office Rat s.r.o.,Sectigo Public Code Signing CA R36,ParallaxRAT
205483936f360924e8d2a4eb6d3a9f31,44daf53d607937f410c3d300100399514d0ee5b03487e7ead16dfe324d2c5563,SATURN CONSULTANCY LTD,Sectigo Public Code Signing CA R36,Matanbuchus
029bf7e1cb09fe277564bd27c267de5a,2b18684a4b1348bf78f6d58d3397ee5ca80610d1c39b243c844e08f1c1e0b4bf,SAMOYAJ LIMITED,Sectigo Public Code Signing CA R36,Lazarus
984e84cfe362e278f558e2c70aaafac2,0b2d1dad72c69644f80ad871743878b5eb1e45e451d0d2c9579bdf81384f8727,Arctic Nights Äkäslompolo Oy,Sectigo Public Code Signing CA R36,Quakbot
45245eef53fcf38169c715cf68f44452,ad7edb1b0a6a1ee3297a8825aff090030142dce8b59b9261bc57ca86666b0cbe,PAPER AND CORE SUPPLIES LTD,Sectigo Public Code Signing CA R36,QuakBot
0406c4a1521a38c8d0c4aa214388e4dc,7d6dc731d94c9aaf241f3df940ce8ca8393380b12f92e872273ae747c5d4791f,Venezia Design SRL,DigiCert Trusted G4 Code Signing RSA4096 SHA384 2021 CA1,IcedID
5ef27fc51ee80b30430947c9967db440,c2dcc4a1ea16e45f86828e81eda20f83e70cbf77e152ddd80b1b4a730ef77551,"AMCERT,LLC",Sectigo Public Code Signing CA R36,RedLineStealer
06bcb74291d96096577bdb1e165dce85,8580fc689c62644b6df809491a210228756522c1074c98ebecf1d08fe4f9bf7a,Revo Security SRL,DigiCert Trusted G4 Code Signing RSA4096 SHA384 2021 CA1,IcedID
15c5af15afecf1c900cbab0ca9165629,19c60573c2890fad5fc96d3a9171959aef1c2dcc367ebd2dd27fc33d22976ad8,Kompaniya Auttek,Sectigo RSA Code Signing CA,NetSupport
0690ee21e99b1cb3b599bba7b9262cdc,eaab14a49c761096c973b4cc4b2cf6257ae5de58ba11dfaa7fcb85fa05980a54,Xiamen Tongbu Networks Ltd.,Sectigo RSA Code Signing CA,AveMariaRAT
e55be88ddbd93c423220468d430905dd,fa270d62733eb2f9565399b9f468341792adcdcb0024a4ad03a3531cb7496195,VALVE ACTUATION LTD,Sectigo Public Code Signing CA R36,AveMariaRAT
aa1d84779792b57f91fe7a4bde041942,7f685da41300dc815b00bc7fefe90a4d7355a66793d3f4969993ffe3cdb2c573,AXIUM NORTHWESTERN HYDRO INC.,Sectigo Public Code Signing CA R36,Quakbot
34d42e871ddb1c92fa20b55b384e1259,518b2dfe026f7b08ea54068ee1f650c692f66f07224e115e9f44fa846be9d549,VENS CORP,Sectigo Public Code Signing CA R36,Karma
425dc3e0ca8bcdce19d00d87e3f0ba28,7b45852afc9762de3d780882827ae8061e3344c624fae120d75f4c175b31e54a,Protover LLC,Sectigo RSA Code Signing CA,Quakbot
c8442a8185082ef1ed7dc3fff2176aa7,56dd56e92fb24448b3917fc377fda5d321cee95d98ac7fa021bb0c941b18f43e,Ambidekstr LLC,Sectigo RSA Code Signing CA,Quakbot
435abf46053a0a445c54217a8c233a7f,374b715f76f209002cf342f1ecb1011ad6ec43a496f992966b7c2f018e8e66de,OOO Kodemika,Sectigo RSA Code Signing CA,Quakbot
e953ada7e8f1438e5f7680ff599ae43e,365d132ec50e8155eac39de96b3acf3510e1890024b9bd7ae4e16aa3e7a270da,KULBYT LLC,Sectigo RSA Code Signing CA,Quakbot
2aaa455a172f7e3a2dffb5c6b14f9c16,6573e916e382098a662b8a1451c1864dfad5e11a5b085f02bed6d941ea307760,DREAM VILLAGE s.r.o.,Sectigo Public Code Signing CA R36,ParallaxRAT
881573fc67ff7395dde5bccfbce5b088,df5d988687c98539b5dde0198703793715182fe3955f589bc86a5eab81f03b3a,Trade in Brasil s.r.o.,Sectigo RSA Code Signing CA,Quakbot
0218ebfd5a9bfd55d2f661f0d18d1d71,48b52b78e4946b1adf582502c496cf58f9714f9258e8eb9bbb42d0060069ce1b,REI LUX UK LIMITED,Sectigo RSA Code Signing CA,Cobalt Strike
b2f9c693a2e6634565f63c79b01dd8f8,2bea432f11e4bae20391c7dfdb815efc4a06e6807cc586798efc81e0a069973f,PHL E STATE ApS,Sectigo RSA Code Signing CA,Quakbot
a918455c0d4da7ca474f41f11a7cf38c,dcacf36f358c95b487f3674d866f9b7dc121d294f77485f8d35cc2bebdfec2ef,MIDDRA INTERNATIONAL CORP.,Sectigo RSA Code Signing CA,Quakbot
1ef6392b2993a6f67578299659467ea8,eeae3f53dc1e149f1b3943a360c28c4c54c77ce959babfe7a4c7b0f9f94f64b2,ALUSEN d. o. o.,TrustOcean Organization Software Vendor CA,Matanbuchus
292eb1133507f42e6f36c5549c189d5e,83d79f4f982877ca0c54e96e1889ded622ef918a82404e6134b8207ff2a65692,Affairs-case s.r.o.,Sectigo Public Code Signing CA R36,ParallaxRAT
936bc256d2057ca9b9ec3034c3ed0ee6,5fd0c91067a466db712b3d130352cf9c6780a82ae0c2d70abe53a8a3d3ebf12f,SALES & MAINTENANCE LIMITED,TrustOcean Organization Software Vendor CA,Quakbot
afe8fee94b41422e01e4897bcd52d0a4,47ab61481d0363c85c35a9aa031d1c4c98ad11c12d1d64e54c189ba4972f56cb,TLGM ApS,Sectigo RSA Code Signing CA,Quakbot
0f007898afcba5f8af8ae65d01803617,4d920ff445f7dc174a127863717e8b3dbae35c3362b38c06b4b98b1cd9a37c08,TechnoElek s.r.o.,DigiCert EV Code Signing CA (SHA2),BitRAT
5fbf16a33d26390a15f046c310030cf0,2dd9f7184668e5ae623df2da34f529629725f1751d788cb909b3f4f8840ed803,MACHINES SATU MARE SRL,Sectigo RSA Code Signing CA,Cobalt Strike
f454f2fdc800b3454059d8889bd73d67,83bc248b3171ee1cf7bea505dc06f7d80b97cb09d7c71d803fd6eea9581fb1d0,BEAUTY CORP SRL,Sectigo RSA Code Signing CA,TA505
3afe693728f8406054a613f6736f89e3,5e139f890182c363953c3b23f90903ba015da7f251e05d8772df12aeaa127f40,ROB ALDERMAN FITNESS LIMITED,Sectigo RSA Code Signing CA,TA505
c318d876768258a696ab9dd825e27acd,557d79b8554a79951250bd63251273c7e2f9e8817f6f71322419d8d02e05af75,OOO Genezis,Sectigo RSA Code Signing CA,Quakbot
2d8cfcf04209dc7f771d8d18e462c35a,b285167fc4c4497fc1b04716d32f7a4cf3778d71c5f6624621f76cd30dfc8e8e,AA PLUS INVEST d.o.o.,Sectigo Public Code Signing CA R36,NetWire
3d3fc30099d6c7aeb806d4181992af90,1f893c08ce7915d76394082dd884a6771493247b9169b6579aed99f8606ad484,Baltic Auto SIA,Sectigo Public Code Signing CA EV R36,Gozi
06df5c318759d6ea9d090bfb2faf1d94,301a4335992e383c9ddba38af9645f72f6d3c0c1de56b92451dbf14ad70c77e6,SpiffyTech Inc.,DigiCert Trusted G4 Code Signing RSA4096 SHA384 2021 CA1,Hive
072472f2386f4608a0790da2be8a48f7,fd7ef46ac5c97813cb7f6d16e006a1febaa9e11bd7f414dcba0fb047b1bef09f,FOXIT SOFTWARE INC.,DigiCert EV Code Signing CA (SHA2),RedLineStealer
060d94e2ccae84536654d9daf39fef1e,3125fa32213240e376c6a21ca5631d4056d8307f0aedc3ec5e6d3c71c69b7221,HasCred ApS,DigiCert Trusted G4 Code Signing RSA4096 SHA384 2021 CA1,CobaltStrike
0bc9b800f480691bd6b60963466b0c75,1a969ab1408c6de5689ece63e3200ac2d5cf7ae2e811c6756e3f39578a45053e,HasCred ApS,DigiCert Trusted G4 Code Signing RSA4096 SHA384 2021 CA1,CobaltStrike
6aaa62208a3a78bfac1443007d031e61,e0b4e0146cef64385a2635611ccc0d7b3c7f8a126dfedf7f491d677b4a896d65,Solar LLC,Sectigo RSA Code Signing CA,ElysiumStealer
7ebcb54b7e0e6410b28610de0743d4dd,63aa71d0e459d85f42d2defea2a4d96ba93959665f266d339193977b7dde1e25,"SIA \MWorx\""""",Sectigo Public Code Signing CA EV R36,Gozi
37a67cf754ee5ae284b4cf8b9d651604,4cf43525a4aba3b5fb3c6fae7323dea509aac73724b4a547414e56c8aa2eacf8,FORTH PROPERTY LTD,Sectigo RSA Code Signing CA,Gozi
239664c12baeb5a6d787912888051392,9e0611728595a506cc2a55486fdd88eca0971ef0b08f74cb3b3b6f5f6f3c7e27,FORTH PROPERTY LTD,Sectigo RSA Code Signing CA,Gozi
28c57df09ce7cc3fde2243beb4d00101,52aff2b104a0adea835d0f4765ea4cf5f20c794bf859e4c9c1481122365ac20b,"WATER, s.r.o.",Sectigo Public Code Signing CA R36,ParallaxRAT
54c793d2224bdd6ca527bb2b7b9dfe9d,95b04eaf3ebdef5f7475e2fdebccd42a7a4869eb89b8e2ce2484af5225ea04b2,"CODE - HANDLE, s. r. o.",Sectigo Public Code Signing CA R36,RaccoonStealer
69ad1e8b5941c93d5017b7c3fdb8e7b6,999bbf99f3b3c1a894340918d8f2c6a358e7ec6299bab5d8fd6b9e7570abf929,Afia Wave Enterprises Oy,Sectigo Public Code Signing CA R36,Malware
2782171dabf21dbb7c0a155c38bc1ffb,3bb2dd50469f7023a23b176ea6edd1d8ec27bb9b6a77a7031a05c11611b55db4,Bauder Ltd,Certum Extended Validation Code Signing 2021 CA,LockScreen
bfcea72a7a44662e74e77163bd89c2aa,93cfd60f705bc0d37993fb0a96cdebae1e1fe2c64edd5f2e1069f308eea4a70b,Special Floors ApS,Sectigo Public Code Signing CA R36,ParallaxRAT
016558f3759ab455d5497251c51ff8f6,484c210301f9f02e0836160d51d7a634dc177c5043adaf6d7a5dbc84e28ab7f1,GetScatter Ltd.,DigiCert EV Code Signing CA (SHA2),NetSupport
025020668f51235e9ecfff8cf00da63e,c3692225dad4b5b1ff909f3a769cd913f644a93b1953e149cfd612848af02007,Knassar DK ApS,DigiCert EV Code Signing CA (SHA2),NetSupport
0e8aa328af207ce8bcae1dc15c626188,226d9c5f4ee36d6d47013f2cadbc98e19b2a1b62acb0a0db1d5795dddddd1521,PRO SAT SRL,DigiCert Trusted G4 Code Signing RSA4096 SHA384 2021 CA1,NetSupport
bdb99d5ecf8271d48e35f1039c2160ef,ddaa6ebc2929dc4c12c13d329ca2eb2559c35887e3bbb015b91c8aef12ed5531,Gavrilov Andrei Alekseevich,Sectigo RSA Code Signing CA,NetSupport
670c3494206b9f0c18714fdcffaaa42f,5e278ee395cbc112b84a22c8c207ed60f5f507407b6452a89b0ec9acfa2dd166,"ADRIATIK PORT SERVIS, d.o.o.",Sectigo RSA Code Signing CA,Malware
0400c7614f86d75fe4ee3f6192b6feda,64cd94f7ed9b7ba8f7d58445c0b9d9823d37782cc3500d359b86c4a3b091d5b8,StackUp ApS,DigiCert Trusted G4 Code Signing RSA4096 SHA384 2021 CA1,CobaltStrike
be8e91ba93724ac74b5a862afcd34077,61e568a29b27db36f7af948c3470acdd0834bacc975b0d514a36e9de6ac5416f,A-LINE PIPE TOOLS INC.,Sectigo RSA Code Signing CA,ParallaxRAT
d1737e5a94d2aff121163df177ed7cf7,c86eeaf1bbf0d31cb4bfa9efc4d157fe405b02512b1082a91ab3c9a8a8beaa58,BedstSammen ApS,Sectigo RSA Code Signing CA,ParallaxRAT
f112993ca9f2b1956adbb0c86fb42292,764f2b9e4c7f92cc3b3a9fbfd289946cfdb7df501d21f57846517828ad08a8f1,"Key 4 Solutions, s. r. o.",Sectigo RSA Code Signing CA,ParallaxRAT
30318fc997744b5dc5ec9480bf80ad0c,159f2c1c1cff165ca4a90db12da08937cd38b9e79cca3848403ec779fd8d7cd1,"ZOMI INVEST, d.o.o.",Sectigo RSA Code Signing CA,ParallaxRAT
7a6d30a6eb2fa0c3369283725704ac4c,8eaafaa3a75328cbd8a347d397557a4bda6894a10071c0273bcafba6340a0cc0,Trade By International ApS,TrustOcean Organization Software Vendor CA,CobaltStrike
1e5efa53a14599cc82f56f0790e20b17,127b54c50d77a329a145b0a5686e2214d2ed40482c0375d0de278ba4a135dede,Storeks LLC,Sectigo Public Code Signing CA R36,Hancitor
119acead668bad57a48b4f42f294f8f0,6a937953f7f2527d40c5264d24e3aadbc39348577fabce82ac71d7d3ef01ef16,PB03 TRANSPORT LTD.,Sectigo RSA Code Signing CA,Sodinokibi
a758504e7971869d0aec2775fffa03d5,b7d258f776cdd12498fe9c4418b8b9c346b52e50c2e4292fa3e09bf2e228fb6e,Amcert LLC,Sectigo Public Code Signing CA R36,RedLineStealer
e3b80c0932b52a708477939b0d32186f,da4b73457c8ace3e474dc2a34d0ceb5ba5bc15269094429d38c6c811f5fb6e06,BISOYETUTU LTD LIMITED,Sectigo RSA Code Signing CA,RedLineStealer
b06bc166fc765dacd2f7448c8cdd9205,27bdb7c4c696fb4946ddba5113c24ca0cb934bd6c634f9d2f4bcae1358e9cafc,"GAS Avto, d.o.o.",Sectigo RSA Code Signing CA,Gozi
4797d7b279be40de071a6d59b2d7b8d4,eab10c069857ae32119a0b8351becf4ecf3856b051b31329e76a4f8ab8b95915,NALA LIMITED,Sectigo RSA Code Signing CA,ZLoader
20cd4bfadbea368fb0e36af94e5fbcce,4bb2adcd625cd911e5819e625a25c4e51ffeeec12c62f875a4bd0de88ec181e9,FESTAP s.r.o.,Sectigo RSA Code Signing CA,RedLineStealer
5b37ac3479283b6f9d75ddf0f8742d06,474242b6dd818a43ed5a19ce7c83271497137c8b5b6e9489b7cd808cac15db9d,ART BOOK PHOTO s.r.o.,Sectigo RSA Code Signing CA,ParallaxRAT
fbb1198bd8bddb0d693eb72a8613fe3f,726c935cd0f81968ba8fbb7ab5548392bdbc4c9ea40e28f2ee44420a3b06d98a,"Trade Hunters, s. r. o.",Sectigo RSA Code Signing CA,ParallaxRAT
846f77d9919fc4405aefe1701309bd67,37d22ed5bd7c8dc7b4b68ec2c47c8d0bc1eced4617f79d24be77c49aa38f71e5,IPM Skupina d.o.o.,Sectigo RSA Code Signing CA,ParallaxRAT
8b3333d32b2c2a1d33b41ba5db9d4d2d,df1019cd04d77a3f09e8bd5f920a08663d38618f1520b1dd645df15da191c9fc,"BOOK CAFÉ, s.r.o.",Sectigo RSA Code Signing CA,ParallaxRAT
afc5522898143aafaab7fd52304cf00c,79ede7b73da15eaa458d1cd4409c6741af883d28259b7a6fa836240f21fb12dc,YAN CHING LIMITED,Sectigo RSA Code Signing CA,TrickBot
b8f726508cf1d7b7913bf4bbd1e5c19c,2f4525e2503ea8beb30d027f7e811518323a6fc35797d27378b3a79bf7884028,Merkuri LLC,Sectigo RSA Code Signing CA,Smoke Loader
bc6c43d206a360f2d6b58537c456b709,9b6197fc89d63c69fd195aae1025b5f632a6ce256e4f90b33aa3b2c4d320492b,"ANKADA GROUP, d.o.o.",TrustOcean Organization Software Vendor CA,Quakbot
e0a83917660d05cf476374659d3c7b85,1ea1ad1032604b6751d45e963cc20d1ecc9dc23d6eee083fa110665471eefc97,PIK MOTEL S.R.L.,Sectigo RSA Code Signing CA,RedLineStealer
a7e4ded4bf949d15aa4201843f1ab64d,d519622e7d1eab2c240860d38779704319f1349cc57ab8c3d51d9f56145b582f,1.A Connect GmbH,COMODO RSA Code Signing CA,CobaltStrike
addb899f8229fd53e6435e08bbd3a733,dcf5a979f3d469e1e34f561e1df7b4165b357fa1921194b200b97339897a18d7,U.K. STEEL EXPORTS LIMITED,TrustOcean Organization Software Vendor CA,Quakbot
c1a1db95d7bf80290aa6e82d8f8f996a,49c3707e1ae1d8666bdbfc4cdcd396735bde33f72a1a8fd9494494f368a9de1f,Software Two Pty Ltd,COMODO RSA Extended Validation Code Signing CA,Gozi
c667ffe3a5b0a5ae7cf3a9e41682e91b,6527414820efec3f0f2f41a65934ed2df1666165934bd692bd00dcf56a4e93eb,NAILS UNLIMITED LIMITED,Sectigo RSA Code Signing CA,RedLineStealer
aa07d4f2857119cee514a0bd412f8201,6dae859fac52325e74ff5094803c21676e4b804914e6feafc3647af04decb9e0,HANGA GIP d.o.o.,Sectigo RSA Code Signing CA,Quakbot
2e36360538624c9b1afd78a2fb756028,961e4ce584a9a0ac36819f24f19da1a3704b646cf397447e9ce0bcf05eb8029e,Ts Trade ApS,Sectigo RSA Code Signing CA,Quakbot
44fe73f320aa8b7b4f5ca910aa22333a,b7a5037ee2c0992387e0546a89864c75aaca613b0bc85b3bdefa16ff422d6fb0,Alpeks LLC,Sectigo RSA Code Signing CA,ServHelper
1ffc9825644caf5b1f521780c5c7f42c,74de054c3276300866708085c45ebb1d2bff0c94c402f3ed0ee0f52f98d2c52b,ACTIVUS LIMITED,Sectigo RSA Code Signing CA,Quakbot
1ae3c4eccecda2127d43be390a850dda,042e58253bde3bc6f0964e19bb90a2dca64c48e3060d00bf1efd6876e767c953,PARTYNET LIMITED,Sectigo RSA Code Signing CA,Quakbot
84a4a0d0657e217b176b455e2465aee0,722154bf976885eeb15c9ed3a7aeff59da0a27687eb38b628e44d0732699dc26,AATB ApS,Sectigo RSA Code Signing CA,Nemty
289051a83f350a2c600187c99b6c0a73,6c07f4282764f588ec29d1867ac641c4747433b4e6fd0e4f4518a7e73b831c7d,HALL HAULAGE LTD LTD,Sectigo RSA Code Signing CA,Malware
269fb93ccbafafe2b5f144b5befe93f3,b7da548bbb408946298816d7cd25114cc4fcdba96926bbd21d287a451688d792,"GALAKTIKA, OOO",Sectigo RSA Code Signing CA,LegionLoader
d0eda76c13d30c97015708790bb94214,98e1f71ef64b0d91c443017631f550871096d66e60f72d90bb9503ba64c5d74d,LAEN ApS,Sectigo RSA Code Signing CA,ParallaxRAT
634e16e38f12e9a71aca08e4c6b2dbb9,46453c3d3ccc0514d617ed07c1cacfbfee57b5c23ccefc462ed412b78c86f0f2,AUTO RESPONSE LTD CYF,Sectigo RSA Code Signing CA,RedLineStealer
3b777165b125bccc181d0bac3f5b55b3,f680fab6a9d21e8e76003c5c28b3c5084866d7ac85cf0cfb5aaa02f69ee99f1e,STAND ALONE MUSIC LTD,Sectigo RSA Code Signing CA,Dridex
d1b8f1fe56381befdb2e73ffef2a4b28,ff2628414fa0ccc7745979d8751b6de2aaca82f6bca94f3ca53f945831e93510,Seinäjoen Squash ja Bowling Oy,TrustOcean Organization Software Vendor CA,ParallaxRat
066276af2f2c7e246d3b1cab1b4aa42e,3b13378fcc6a31baa5eea98a73c7569778556ef19c873195f61348b45f04ec66,IQ Trade ApS,TrustOcean Organization Software Vendor CA,ParallaxRAT
08d4dc90047b8470ccaf3924dfbd8b5f,cf0c39da4d15d4ad6a74b36f5597e46581b856666b04acb2d38ac42db328b76d,OOO Dibies,Sectigo RSA Code Signing CA,Sodinokibi
70d896117e15302c7eefecb289b3bfe0,c747b20c080c1d0ba04308a496c279acd4060b204a9506a7bcdd6e613fc09698,Quicktech.com,Sectigo RSA Code Signing CA,CobaltStrike
1895433ee9e2bd48619d75132262616f,066bda73d8a774814d35046d70a5633799ea25b5ff9cbcbe582fda6f26fab07c,Evetrans Ltd,Sectigo RSA Code Signing CA,RaccoonStealer
f2d693aad63e6920782a0027dfc97d91,e5eb1ae6c52fa45421930d4c0dc122d06077366977482cf0185bb20b9ace61cd,EKO-KHIM TOV,Sectigo RSA Code Signing CA,IcedID
54cd7ae1c27f1421136ed25088f4979a,ebe7d52398a7ebf9520df477f14b39377fa615c10c9694f5a1b9886385a6f337,ABBYMAJUTA LTD LIMITED,Sectigo RSA Code Signing CA,RedLineStealer
f8e8f6c92ba666b0688a8cacce9acccf,52ce16e158eb7aafac706a361d2adf976313e61986fb723777b1ad9db70951ff,5 th Dimension LTD Oy,Sectigo RSA Code Signing CA,Amadey
a73b6d821f84db4451d6eedd62c42848,63bf131567874d89fe47a8dd0053c04b50ec35aa87ebb9cf57681c2a08365a63,Mht Holding Vinderup ApS,Sectigo RSA Code Signing CA,IcedID
e4e795fd1fd25595b869ce22aa7dc49f,634d08d08a8ae4dbc0a8416dbb49c23dc44257e597dd7c0cb024f5ec41384370,OASIS COURT LIMITED,Sectigo RSA Code Signing CA,CobaltStrike
59a57e8ba3dcf2b6f59981fda14b03,ff9f3d2ca65040889f860cb0c2b5d4c49f7b419b784793ede1ea4786e45285d6,Medium LLC,Sectigo RSA Code Signing CA,ParallaxRAT
c79f817f082986bef3209f6723c8da97,4ff7654904aeccbb8d1feef345194cd318186728f28410795c8844d4fc4201e0,Al-Faris group d.o.o.,Sectigo RSA Code Signing CA,Malware
c4188d6b70b4bd3b977b19abd04c1157,baf037d27dff1ea8bee7f8a792c107926231786bd4135b6db028774f46be7e88,"PRESTO Co., s.r.o.",Sectigo RSA Code Signing CA,Cobalt Strike
7d36cbb64bc9add17ba71737d3ecceca,05be3171ca7272803d139ca13b16c24a3dd22917b1b8d6d0fd5401e63a79dd27,LTD SERVICES LIMITED,Sectigo RSA Code Signing CA,Malware
e69a6de0074ece38c2f30f0d4a808456,bf356bff522f8bdde37230548ee14b3964dadfb95c6250195f03ced36171b6d7,OOO Semantic,Sectigo RSA Code Signing CA,Amadey C&C
ca4822e6905aa4fca9e28523f04f14a3,a3efeee8bc72c2b05ad57d9910c4c5936c6cf64e8e98032c24cb30a061b75b2b,"ELISTREID, OOO",Sectigo RSA Code Signing CA,RemoteManipulator
7dcd19a94535f034ee36af4676740633,10b178e1b2dbe6796802077f78c67a3447c714ea6cedb35a4ca3574e63ab2440,Toko Saya ApS,Sectigo RSA Code Signing CA,CobaltStrike
24c1ef800f275ab2780280c595de3464,15a06bf4e6e510658e67674e36e35ed6a64b8eff54405eeeb89f5a3dea86fcd6,HOLGAN LIMITED,Sectigo RSA Code Signing CA,CobaltStrike
6401831b46588b9d872b02076c3a7b00,e6b708b00d282c503fad477c289a4efa9e81b7945a89bfaddead39db11646a04,ACTIV GROUP ApS,Sectigo RSA Code Signing CA,ParallaxRAT
3fd3661533eef209153c9afec3ba4d8a,c2721fee09232c2e16ec8c3c6e1645b2af509faab8144d9c53ac4a8374e6d6e0,SFB Regnskabsservice ApS,Sectigo RSA Code Signing CA,IcedID
801689896ed339237464a41a2900a969,13fb5370a1e8cd1b235e10f838b6c98d1842a6e1d11f6551073d69792c21adfb,GLG Rental ApS,Sectigo RSA Code Signing CA,ParallaxRAT
7ed801843fa001b8add52d3a97b25931,083626b200b5b7fcdb8cfa1a8fbe5c42a2070676635ba09dcd824a4a5b29a34c,AM El-Teknik ApS,Sectigo RSA Code Signing CA,Quakbot
d9e834182dec62c654e775e809ac1d1b,374e7e84e1280e8739cc113014a8561f18226202b5866e7132e916f22f4999f2,FoodLehto Oy,Sectigo RSA Code Signing CA,BitRAT
cc95d6ebf18a3711e196aea210465a19,85305aace7f9acc7ef41e546f9ce8d01d8f6b81da1db537e92e74ee49ad6816f,"GEN Sistemi, d.o.o.",Sectigo RSA Code Signing CA,Quakbot
b97f66bb221772dc07ef1d4bed8f6085,33f7c1b050d1f08d1e52888939a11362c14898adccb894e1a7c6ba869b0e4e7c,S-PRO d.o.o.,Sectigo RSA Code Signing CA,BitRAT
fed006fbf85cd1c6ba6b4345b198e1e6,1cbce415a25c6021a37ebccc8d6fba903e6b861748279538f2d7fcb0bd013d1e,LoL d.o.o.,Sectigo RSA Code Signing CA,Quakbot
0f0ed5318848703405d40f7c62d0f39a,22a524094631bab9816403e852a2a70d070da7f60dcb0e17f15b61df21403da9,"SIES UPRAVLENIE PROTSESSAMI, OOO",DigiCert EV Code Signing CA (SHA2),RaccoonStealer
537aa4f1bae48f052c3e57c3e2e1ee61,1477f3b2b6fdcdf719d78ff413609263fe376793e24bd746d9af6cb72536ddea,ALPHA AME LIMITED LLP,GoGetSSL RSA Codesigning CA,Malware
4e7545c9fc5938f5198ab9f1749ca31c,ed1494c892e53c3507b7b030133fc57079ff5580ef0c74ff3ecd0ed2d6bd0662,For M d.o.o.,Sectigo RSA Code Signing CA,Quakbot
61b11ef9726ab2e78132e01bd791b336,d30f3c495a4e5e0705d011b07c2358b836985252740a7a99b9e382f5024827e2,OOO Skalari,Sectigo RSA Code Signing CA,Malware
0ced87bd70b092cb93b182fac32655f6,b5562652e236ed8b39021e9a706006889b421548d7d8ae190a5b7ac2711d2b66,Creator Soft Limited,DigiCert EV Code Signing CA (SHA2),BitRAT
047801d5b55c800b48411fd8c320ca5b,e9b4783b2e562b1c8d534074f49f61ccb6c0d94e902e0b53172925dfdc41d106,LICHFIELD STUDIO GLASS LIMITED,Sectigo RSA Code Signing CA,Malware
ef9d0cf071d463cd63d13083046a7b8d,901e3dba30ee00905a450da6551b39b861bea2a717c3818ac875e091f9e0d4b5,Rubin LLC,Sectigo RSA Code Signing CA,Malware
444F1B88C5A003DD114705149619AFE6,362CA72DC688908B5A203227D6BB53A8BB1A34BFA3B29123353212C96DAA0BE1,OOO Procion Telekom,Sectigo RSA Code Signing CA,Malware
8fe807310d98357a59382090634b93f0,610cbdea244ef6bc648437853f9d94daf2cfbfc9701a7c9ac1bc61b233eb228a,MAVE MEDIA,Sectigo RSA Code Signing CA,BuerLoader
142aac4217e22b525c8587589773ba9b,b9eeb2137a1b0c993fb5d44f7e38f82472069d1bfb1fb11439e759d1473b1365,"A.B. gostinstvo trgovina posredništvo in druge storitve, d.o.o.",Sectigo RSA Code Signing CA,Quakbot
02de1cc6c487954592f1bf574ca2b000,6dc72e286dab13f304eb5b15d3ad91f28887a6831b77d00ab6d58b7ea085430c,Orca System,Certum Extended Validation Code Signing CA SHA2,CobaltStrike
03b27d7f4ee21a462a064a17eef70d6c,64f4269ef71908f2c020f009e8fbf14337ca06a77544517f46f1e51a7297209a,CCL TRADING LIMITED,Sectigo RSA Code Signing CA,ParallaxRAT
02b6656292310b84022db5541bc48faf,97244100a7c23395807fbf909cfd04d5dd90a1b82571bf79f84e427775ddeb3c,DILA d.o.o.,Sectigo RSA Code Signing CA,Quakbot
b0a308fc2e71ac4ac40677b9c27ccbad,9a80307909f2e165dc30dd8aff6c9a86b4dd1f4f728f102f20a3703423e6b96b,Volpayk LLC,Sectigo RSA Code Signing CA,RaccoonStealer
3c98b6872fbb1f4ae37a4caa749d24c2,fcd3f379d8c72f07eef931edbb50afbc69688c1648709958b5ca2a07e616621e,OOO SMART,Certum Extended Validation Code Signing CA SHA2,CobaltStrike
7ddd3796a427b42f2e52d7c7af0ca54f,8737eb964b33dc89ff84a1835de9b01ab94ceab96dafff8288729c094439bb92,OOO Fobos,Sectigo RSA Code Signing CA,RemoteManipulator
6a568f85de2061f67ded98707d4988df,75f76c3664efc10058a602a2cdb1f35c9ee09d0b96d2f690fe0e26cfdd875922,OOO Apladis,Sectigo RSA Code Signing CA,ParallaxRAT
d609b6c95428954a999a8a99d4f198af,26cc728b34c4804df53fa73e78ba196f00a5fb771a30f10c1ae1667590f94aa1,OOO Fudl,Sectigo RSA Code Signing CA,ParallaxRAT
17d99cc2f5b29522d422332e681f3e18,0b217d1d980c034ccfff9b82d6fefab041ec1478e0f1b258b3cda59f300b1d10,PKV Trading ApS,Sectigo RSA Code Signing CA,Quakbot
31d852f5fca1a5966b5ed08a14825c54,d7e5969ee42e1ed1221750972792625474e1b1dce15b968e2d328c5cb585b6e5,BBT KLA d.o.o.,Sectigo RSA Code Signing CA,Ryuk
38989ec61ecdb7391ff5647f7d58ad18,7b3450d54feb88f79e48aa22b2c30bae0caefee22befb75d1d491c9da45389c0,RotA Games ApS,Sectigo RSA Code Signing CA,Quakbot
029685cda1c8233d2409a31206f78f9f,289a46e1f670f4d23b31a50afc2b79a5c300ac4a5b446ea188a0bad3f8abff04,"KOTO TRADE, družba za posredovanje, d.o.o.",Sectigo RSA Code Signing CA,ParallaxRAT
9a73550b8376863bd9430faa8b5a2987,37d6e78b70b0c4abce2e5ad9f14e6604ce136bb117710ce98c056b593b10ad28,CELAS LLC,COMODO RSA Code Signing CA,Lazarus
913ba16962cd7eee25965a6d0eeffa10,8daef9542ae2999787627cf1f53857c4c0cff9dfa024c8af35d3488245be7de6,JMT TRADING GROUP INC,Sectigo RSA Code Signing CA,Lazarus
07cef66a71c35bc3aed6d100c6493863,24369fc6809bf4080c11a556a63c718ec4938de0a6a89186ee026933bf5596a6,Fubon Technologies Ltd,DigiCert EV Code Signing CA (SHA2),Malware
ac0a7b9420b369af3ddb748385b981,fd4ca717b1e19a1ff27d2b3e61e419113f7d6ffae04829a8534f7b1c6fca2be8,OOO Tochka,Sectigo RSA Code Signing CA,Amadey
d3356318924c8c42959bf1d1574e6482,962518bfabcda183ed702c09a4ada754bf4da8af8244d7ee57fcf952fd929b8e,ADV TOURS d.o.o.,Sectigo RSA Code Signing CA,Quakbot
038fc745523b41b40d653b83aa381b80,060d0635e5d5180e54bd7c5119e907806f70db49819f1b68e21c4e25e9dd33b6,OOO Optima,Certum Extended Validation Code Signing CA SHA2,CobaltStrike
a2253aeb5b0ff1aecbfd412c18ccf07a,d1199917919385e10eabb394818ba788cf5ef71883f2ef1f14beaabf0e15a2a8,Gallopers Software Solutions Limited,Sectigo RSA Code Signing CA,RedLineStealer
64c2505c7306639fc8eae544b0305338,08f74dce30d09f60dac6e824a712f0f27d81bf65c249a3d112b563e725c407bb,MANILA Solution as,Certum Extended Validation Code Signing CA SHA2,CobaltStrike
AA28C9BD16D9D304F18AF223B27BFA1E,4FB8F87E10EE0B1AE039C72CF67D34B35036D26C31A7DD23FF88869F40783A92,Tecno trade d.o.o.,Sectigo RSA Code Signing CA,Quakbot
1AEC3D3F752A38617C1D7A677D0B5591,360920AE6F9CD7A56F9E2AFE08113C37ADC2167666C9267291DE035DB0F03699,SILVER d.o.o.,Sectigo RSA Code Signing CA,Quakbot
0cf2d0b5bfdd68cf777a0c12f806a569,e897913a9e5ff2fc1cf1047e887231181455e55f0ca286b05fbdef7094f1a2f4,PROTIP d.o.o. - v stečaju,Sectigo RSA Code Signing CA,Quakbot
37F3384B16D4EEF0A9B3344B50F1D8A3,2435FF834050871FD7FA41FD3349CBCEE044C30FD8FC988DAB146F9E41134592,Sore Loser Games ApS,Sectigo RSA Code Signing CA,Quakbot
08622B9DD9D78E67678ECC21E026522E,BC08B2BD8209891CB11ADC69616EFDBF3E6AFFF656732741960319B169359D28,Kayak Republic af 2015 APS,Sectigo RSA Code Signing CA,Quakbot
D4EF1AB6AB5D3CB35E4EFB7984DEF7A2,E535E3423F0EA4252A3ADD50281D00C73393E9C6A618C46BFBFB5F24EADF3471,REIGN BROS ApS,Sectigo RSA Code Signing CA,Quakbot
7AB21306B11FF280A93FC445876988AB,1378076B0CD2B366F1E024C6D42001B05B2D73759D75D7F33E09A855EC7357F5,ABC BIOS d.o.o.,Sectigo RSA Code Signing CA,Quakbot
4A7F07C5D4AD2E23F9E8E03F0E229DD4,4B908DA5185986ECF31D16070D823E7A28968BC1F9133DE88A85740B835D9DD5,Danalis LLC,Sectigo RSA Code Signing CA,Quakbot
84888D5A12228E8950683ECDAB62FE7A,F616674576D802AB27860CBF8232B8F3CA243F5D57146020EEA9AE52B3BF0CD4,Ub30 Limited,Sectigo RSA Code Signing CA,Cobalt Strike
0A5B4F67AD8B22AFC2DEBE6CE5F8F679,C7C618BA342F77F2D304CC21F8894A3D806347BDCF8BB57605BF644802E584B9,Farad LLC,Sectigo RSA Code Signing CA,ParallaxRAT
D9D419C9095A79B1F764297ADDB935DA,A08A153749093DD11A39660099A202C46F1E2DA62F3838BF10DE1902BEAE56C8,OOO Nova soft,Sectigo RSA Code Signing CA,Gozi
EA720222D92DC8D48E3B3C3B0FC360A6,22A5C213F126411AF6B017711B10B51C67FAA52159EB88DE1A2BD62DB372C997,CAVANAGH NETS LIMITED,Sectigo RSA Code Signing CA,Quakbot
0940FA9A4080F35052B2077333769C2F,29E512400EDE970C79FEB5430565C83CC5DF21A39CC6DAEAE553F54E38E24FB5,PROFF LAIN,DigiCert EV Code Signing CA ,Cobalt Strike
333CA7D100B139B0D9C1A97CB458E226,13B3CEE29B9C2A321E8317EFDF2C49BA0F5F82016C2F02EEC72F394309B75ACB,FSE,Sectigo RSA Code Signing CA,Quakbot
9AE5B177AC3A7CE2AADF1C891B574924,676B92E6F43DC19FE98086B54E329E5B241120E86782AA027C89C5403FF58452,OOO Kolorit,Sectigo RSA Code Signing CA,Formbook
A03EA3A4FA772B17037A0B80F1F968AA,6D4DF6C6889779C1710E4B4AF44063F92D2393473EFB3CAA7BA77C322683C957,DREVOKAPITAL,Sectigo RSA Code Signing CA,Quakbot
E161F76DA3B5E4623892C8E6FDA1EA3D,5C51CAB2D1DA40FBBF46FF77293D0C8071292C7DA62F9EDF2A8A42CFB19D8114,TGN Nedelica d.o.o.,Sectigo RSA Code Signing CA,Amadey
9FAF8705A3EAEF9340800CC4FD38597C,B6148D833710110450A5D286E6FC372DAB575757C8C448FBEACA4B48F54C4842,Tekhnokod LLC,Sectigo RSA Code Signing CA,BuerLoader
C8EDCFE8BE174C2F204D858C5B91DEA5,D9448FCF0E8D12338329E93214CD68B2668D8166EDE76B74B5118F87199E7B96,Paarcopy Oy,Sectigo RSA Code Signing CA,Quakbot
4743E140C05B33F0449023946BD05ACB,7B32C8CC35B86608C522A38C4FE38EBAA57F27675504CBA32E0AB6BABBF5094A,STROI RENOV SARL,Sectigo RSA Code Signing CA,Quakbot
2C1EE9B583310B5E34A1EE6945A34B26,7AF96A09B6C43426369126CFFFAC018F11E5562CB64D32E5140CFF3F138FFEA4,OOO Artmarket,Sectigo RSA Code Signing CA,Quakbot
D338F8A490E37E6C2BE80A0E349929FA,480A9CE15FC76E03F096FDA5AF16E44E0D6A212D6F09A898F51AD5206149BBE1,SAGUARO ApS,Sectigo RSA Code Signing CA,Quakbot
121FCA3CFA4BD011669F5CC4E053AA3F,5B5B1808ED49AEED9D846A045EB32DBFE7307DF28EC8D1012B505A9A8DB9084D,Kymijoen Projektipalvelut Oy,Sectigo RSA Code Signing CA,Quakbot
F675139EA68B897A865A98F8E4611F00,1489D6ED8669F86DE5BC21DC861AF09AA24F7D086E471E6CB4B51283CB03F2F7,BS TEHNIK d.o.o.,Sectigo RSA Code Signing CA,Quakbot
0A55C15F733BF1633E9FFAE8A6E3B37D,0BEB7DB944AD2348E2751B6B25A6E7A6AB5D2A0B1FE9E9122709B56E36D46D5D,Osnova OOO,Sectigo RSA Code Signing CA,RemcosRAT
54A6D33F73129E0EF059CCF51BE0C35E,B6CA7F11D61FFEC5DEDCCDEFD2D57ECF8765A3635492F53ED18F2B016B5451A7,STAFFORD MEAT COMPANY,Sectigo RSA Code Signing CA,Gozi
3990362C34015CE4C23ECC3377FD3C06,3D5BDCDE11F694BB925BF7AD3F7BBF6A7ED85310F57C428B10BD8F0B091F62C4,RZOH ApS,Sectigo RSA Code Signing CA,Quakbot
D875B3E3F2DB6C3EB426E24946066111,FA21CE349E34D5B1399A02D8B5EBCE7671C95CC82F8C2ED75470E0E942FE93CC,Kubit LLC,Sectigo RSA Code Signing CA,RemcosRAT
E267FDBDC16F22E8185D35C437F84C87,AE47C0814551917E1FB96B1A2393A6423A116A54826C7F08261D90F537FA51D8,APOTHEKA,Sectigo RSA Code Signing CA,Quakbot
CA646B4275406DF639CF603756F63D77,C82310EC9CEFF69C9A177921FE9C6F7BBE73CD879896ADB301A06D0BA92D8DFF,SHOECORP LIMITED,Sectigo RSA Code Signing CA,Quakbot
AC307E5257BB814B818D3633B630326F,884DACE64846B38605895BA3B03422D3FF4C20352C64EFEAA5C257FE30CC30C0,Aqua Direct s.r.o.,Sectigo RSA Code Signing CA,Quakbot
B4F42E2C153C904FDA64C957ED7E1028,AD6D469A1AC6F92237EA79782EA86F259CAFE774C554BAB9F193DFB08F6F091A,NONO spol. s r.o.,Sectigo RSA Code Signing CA,Gozi
6A241FFE96A6349DF608D22C02942268,F97F4B9953124091A5053712B2C22B845B587CB2655156DCAFED202FA7CEEEB1,HELP,Sectigo RSA Code Signing CA,Quakbot
1E74CFE7DE8C5F57840A61034414CA9F,2DFA711A12AED0ACE72E538C57136FA021412F95951C319DCB331A3E529CF86E,Insta Software Solution Inc.,Sectigo RSA Code Signing CA,Clop Ransomware
9272607CFC982B782A5D36C4B78F5E7B,2514C615FE54D511555BC5B57909874E48A438918A54CEA4A0B3FBC401AFA127,Rada SP Z o o,Sectigo RSA Code Signing CA,CobaltStrike
32FBF8CFA43DCA3F85EFABE96DFEFA49,30EB03CEA734157E43F44A048D144CF8DB38FBE310F986C9F46373F83801F3B5,Foxstyle LLC,Sectigo RSA Code Signing CA,Malware
7E0CCDA0EF37ACEF6C2EBE4538627E5C,D032358A31097655857E002CE8EC0FA10DDA8E7569D97955CED1DACC7D79926A,Orangetree B.V.,Sectigo RSA Code Signing CA,Quakbot
7B91468122273AA32B7CFC80C331EA13,409F32DC91542546E7C7F85F687FE3F1ACFFDD853657C8AA8C1C985027F5271D,OOO KBI,Sectigo RSA Code Signing CA,Malware
82CB93593B658100CDD7A00C874287F2,D168D7CF7ADD6001DF83AF1FC603A459E11395A9077579ABCDFD708AD7B7271F,Sportsonline24 B.V.,Sectigo RSA Code Signing CA,RemcosRAT
DF683D46D8C3832489672CC4E82D3D5D,8B63C5EA8D9E4797D77574F35D1C2FDFF650511264B12CE2818C46B19929095B,Osatokio Oy,Sectigo RSA Code Signing CA,Gozi
105440F57E9D04419F5A3E72195110E6,E95C7B4F2E5F64B388E968D0763DA67014EB3AEB8C04BD44333CA3E151AA78C2,CRYPTOLAYER SRL,Sectigo RSA Code Signing CA,AgentTesla
C01E41FF29078E6626A640C5A19A8D80,CCA4A461592E6ADFF4E0A4458EBE29EE4DE5F04C638DBD3B7EE30F3519CFD7E5,BurnAware,Sectigo RSA Code Signing CA,Malware
95E5793F2ABE0B4EC9BE54FD24F76AE5,682BFEE13DC6CA7B67EDA94FDA588514FA8276ED4D45A77BFCC03CB38571DE6C,Kommservice LLC,Sectigo RSA Code Signing CA,ModiLoader
FC7065ABF8303FB472B8AF85918F5C24,EDAA880D9A544E8466B94581C7EC519BDC35BF6A1BCAD6CD93E0926D454C1D6F,DIG IN VISION SP Z O O,Sectigo RSA Code Signing CA,Nemty
FD8C468CC1B45C9CFB41CBD8C835CC9E,FF49545409D4DA5FDC04B7E9A21183C843ACC5B90DDE211C2B8D37859EFC42F8,Pivo ZLoun s.r.o.,Sectigo RSA Code Signing CA,Quakbot
B61B8E71514059ADC604DA05C283E514,1C80F062DAF22A99EF516E542AA51374247A2072E7A56EDB982FC6DDD0898684,APP DIVISION ApS,Sectigo RSA Code Signing CA,Quakbot
FA3DCAC19B884B44EF4F81541184D6B0,6557117E37296D7FDCAC23F20B57E3D52CABDB8E5AA24D3B78536379D57845BE,Unicom Ltd,Sectigo RSA Code Signing CA,Osiris
70E1EBD170DB8102D8C28E58392E5632,90D67006BE03F2254E1DA76D4EA7DC24372C4F30B652857890F9D9A391E9279C,Equal Cash Technologies Limited,Sectigo RSA Code Signing CA,Quakbot
6CFA5050C819C4ACBB8FA75979688DFF,E7241394097402BF9E32C87CADA4BA5E0D1E9923F028683713C2F339F6F59FA9,Elite Web Development Ltd.,Sectigo RSA Code Signing CA,CobaltStrike
B8164F7143E1A313003AB0C834562F1F,263C636C5DE68F0CD2ADF31B7AEBC18A5E00FC47A5E2124E2A5613B9A0247C1E,Ekitai Data Inc.,Sectigo RSA Code Signing CA,TA505
E3C7CC0950152E9CEEAD4304D01F6C89,82975E3E21E8FD37BB723DE6FDB6E18DF9D0E55F0067CC77DD571A52025C6724,DNS KOMPLEKT,Sectigo RSA Code Signing CA,Gozi
C04F5D17AF872CB2C37E3367FE761D0D,7F52ECE50576FCC7D66E028ECEC89D3FAEDEEEDB953935E215AAC4215C9F4D63,DES SP Z O O,Sectigo RSA Code Signing CA,Netfilim
5C7E78F53C31D6AA5B45DE14B47EB5C4,F91D436C1C7084B83007F032EF48FECDA382FF8B81320212ADB81E462976AD5A,Cubic Information Systems,Sectigo RSA Code Signing CA,Quakbot
7156EC47EF01AB8359EF4304E5AF1A05,59FE580974E2F813C2A00B4BE01ACD46C94FDEA89A3049433CD5BA5A2D96666D,BOREC,Sectigo RSA Code Signing CA,Quakbot
B2E730B0526F36FAF7D093D48D6D9997,10DD41EB9225B615E6E4F1DCE6690BD2C8D055F07D4238DB902F3263E62A04A9,Bamboo Connect s.r.o.,Sectigo RSA Code Signing CA,Quakbot
2C90EAF4DE3AFC03BA924C719435C2A3,6B916111FFBD6736AFA569D7D940ADA544DAF3B18213A0DA3025B20973A577DC,AntiFIX s.r.o.,Sectigo RSA Code Signing CA,Unknown malware
BDC81BC76090DAE0EEE2E1EB744A4F9A,A3B0A1CD3998688F294838758688F96ADEE7D5AA98EC43709B8868D6914E96C1,ALM4U GmbH,Sectigo RSA Code Signing CA,Quakbot
E38259CF24CC702CE441B683AD578911,16304D4840D34A641F58FE7C94A7927E1BA4B3936638164525BEDC5A406529F8,Akhirah Technologies Inc.,Sectigo RSA Code Signing CA,Quakbot
4929AB561C812AF93DDB9758B545F546,0946BF998F8A463A1C167637537F3EBA35205B748EFC444A2E7F935DC8DD6DC7,Everything Wow s.r.o.,Sectigo RSA Code Signing CA,TA505
B649A966410F62999C939384AF553919,A0C6CD25E1990C0D03B6EC1AD5A140F2C8014A8C2F1F4F227EE2597DF91A8B6C,F.A.T. SARL,Sectigo RSA Code Signing CA,CobaltStrike
E04A344B397F752A45B128A594A3D6B5,D73229F3B7C2025A5A56E6E189BE8A9120F1B3B0D8A78B7F62EFF5C8D2293330,Highweb Ireland Operations Limited,Sectigo RSA Code Signing CA,Quakbot
A7989F8BE0C82D35A19E7B3DD4BE30E5,3E93AADB509B542C065801F04CFFB34956F84EE8C322D65C7AE8E23D27FE5FBF,Instamix Limited,Sectigo RSA Code Signing CA,Quakbot
39F56251DF2088223CC03494084E6081,66F32CF78B8F685A2C6F5BF361C9B0F9A9678DE11A8E7931E2205D0EF65AF05C,Inter Med Pty. Ltd.,Sectigo RSA Code Signing CA,Nefilim
9CFBB4C69008821AAACECDE97EE149AB,6C7E917A2CC2B2228D6D4A0556BDA6B2DB9F06691749D2715AF9A6A283EC987B,Kivaliz Prest s.r.l.,Sectigo RSA Code Signing CA,ParallaxRAT
8CFF807EDAF368A60E4106906D8DF319,C97D809C73F376CDF8062329B357B16C9DA9D14261895CD52400F845A2D6BDB1,KRAFT BOKS OOO,Sectigo RSA Code Signing CA,Unknown malware
2924785FD7990B2D510675176DAE2BED,ADBC44FDA783B5FA817F66147D911FB81A0E2032A1C1527D1B3ADBE55F9D682D,Neoopt LLC,Sectigo RSA Code Signing CA,NetSupport
690910DC89D7857C3500FB74BED2B08D,DFEB986812BA9F2AF6D4FF94C5D1128FA50787951C07B4088F099A5701F1A1A4,OLIMP STROI,Sectigo RSA Code Signing CA,Quakbot
F4D2DEF53BCCB0DD2B7D54E4853A2FC5,D5431403BA7B026666E72C675AAC6C46720583A60320C5C2C0F74331FE845C35,PETROYL GROUP,Sectigo RSA Code Signing CA,ParallaxRAT
56D576A062491EA0A5877CED418203A1,B22E022F030CF1E760A7DF84D22E78087F3EA2ED262A4B76C8B133871C58213B,Silvo LLC,Sectigo RSA Code Signing CA,Various malware
4152169F22454ED604D03555B7AFB175,A1561CACD844FCB62E9E0A8EE93620B3B7D4C3F4BD6F3D6168129136471A7FDB,SMACKTECH SOFTWARE LIMITED,Sectigo RSA Code Signing CA,CobaltStrike
41D05676E0D31908BE4DEAD3486AEAE3,E6E597527853EE64B45D48897E3CA4331F6CC08A88CC57FF2045923E65461598,Rov SP Z O O,Sectigo RSA Code Signing CA,CobaltStrike
13C7B92282AAE782BFB00BAF879935F4,C253CCE2094C0A4EC403518D4FBF18C650E5434759BC690758CB3658B75C8BAA,THE WIZARD GIFT CORPORATION,Sectigo RSA Code Signing CA,Quakbot
D627F1000D12485995514BFBDEFC55D9,5FAC3A6484E93F62686E12DE3611F7A5251009D541F65E8FE17DECC780148052,THREE D CORPORATION PTY LTD,Sectigo RSA Code Signing CA,Quakbot
62205361A758B00572D417CBA014F007,83E851E8C50F9D7299363181F2275EDC194037BE8CB6710762D2099E0B3F31C6,UNITEKH-S,Sectigo RSA Code Signing CA,NetWire
566AC16A57B132D3F64DCED14DE790EE,2E44464A5907AC46981BEBD8EED86D8DEEC9A4CFAFDF1652C8BA68551D4443FF,Unirad LLC,Sectigo RSA Code Signing CA,Unknown malware
661BA8F3C9D1B348413484E9A49502F7,4CA944C9B69F72BE3E95F385BDBC70FC7CFF4C3EBB76A365BF0AB0126B277B2D,Unique Digital Services Ltd.,Sectigo RSA Code Signing CA,ParallaxRAT
92D9B92F8CF7A1BA8B2C025BE730C300,B891C96BD8548C60FA86B753F0C4A4CCC7AB51256B4EE984B5187C62470F9396,UPLagga Systems s.r.o.,Sectigo RSA Code Signing CA,Quakbot
E5AD42C509A7C24605530D35832C091E,17B1F6FFC569ACD2CF803C4AC24A7F9828D8D14F6B057E65EFDB5C93CC729351,VESNA,Sectigo RSA Code Signing CA,Quakbot
3E57584DB26A2C2EBC24AE3E1954FFF6,4ECBADA12A11A5AD5FE6A72A8BAAF9D67DC07556A42F6E9A9B6765E334099F4E,Zaryad LLC,Sectigo RSA Code Signing CA,Unknown malware
13794371C052EC0559E9B492ABB25C26,DD3AB539932E81DB45CF262D44868E1F0F88A7B0BAF682FB89D1A3FCFBA3980B,Carmel group LLC,Sectigo RSA Code Signing CA,Quakbot
51AEAD5A9AB2D841B449FA82DE3A8A00,155EDD03D034D6958AF61BC6A7181EF8F840FEAE68A236BE3FF73CE7553651B0,Corsair Software Solution Inc.,Sectigo RSA Code Signing CA,TA505
DADF44E4046372313EE97B8E394C4079,80986AE0D4F8C8FABF6C4A91550C90224E26205A4CA61C00FF6736DD94817E65,Digital Capital Management Ireland Limited,Sectigo RSA Code Signing CA,Quakbot
F8C2E08438BB0E9ADC955E4B493E5821,459EF82EB5756E85922A4687D66BD6A0195834F955EDE35AE6C3039D97B00B5F,DocsGen Software Solutions Inc.,Sectigo RSA Code Signing CA,Quakbot
D2CAF7908AAEBFA1A8F3E2136FECE024,82BAF9B781D458A29469E5370BC9752EBEF10F3F8EA506CA6DD04EA5D5F70334,FANATOR,Sectigo RSA Code Signing CA,ParallaxRAT
3223B4616C2687C04865BEE8321726A8,321218E292C2C489BBC7171526E1B4E02EF68CE23105EEE87832F875B871ED9F,FORTUNE STAR TRADING,Sectigo RSA Code Signing CA,Quakbot
0FA13AE98E17AE23FCFE7AE873D0C120,BE226576C113CD14BCDB67E46AAB235D9257CD77B826B0D22A9AA0985BAD5F35,KLAKSON,DigiCert EV Code Signing CA ,CobaltStrike
3696883055975D571199C6B5D48F3CD5,933749369D61BEBD5F2C63FF98625973C41098462D9732CFFAFFE7E02823BC3A,Korist Networks Incorporated,Sectigo RSA Code Signing CA,Quakbot
AFF762E907F0644E76ED8A7485FB12A1,7B0C55AE9F8F5D82EDBC3741EA633AE272BBB2207DA8E88694E06D966D86BC63,Lets Start SP Z O O,Sectigo RSA Code Signing CA,CobaltStrike
5B440A47E8CE3DD202271E5C7A666C78,07E4CBDD52027E38B86727E88B33A0A1D49FE18F5AEE4101353DD371D7A28DA5,Master Networking s.r.o.,Sectigo RSA Code Signing CA,Quakbot
FE41941464B9992A69B7317418AE8EB7,EF4DA71810FB92E942446EE1D9B5F38FEA49628E0D8335A485F328FCEF7F1A20,Milsean Software Limited,Sectigo RSA Code Signing CA,Quakbot
29128A56E7B3BFB230742591AC8B4718,F9FCC798E1FCCEE123034FE9DA9A28283DE48BA7AE20F0C55CE0D36AE4625133,Programavimo paslaugos,Sectigo RSA Code Signing CA,CobaltStrike
C2BB11CFC5E80BF4E8DB2ED0AA7E50C5,F1044E01FF30D14A3F6C89EFFAE9DBCD2B43658A3F7885C109F6E22AF1A8DA4B,Rooth Media Enterprises Limited,Sectigo RSA Code Signing CA,Unknown malware
040CC2255DB4E48DA1B4F242F5EDFA73,1270A79829806834146EF50A8036CFCC1067E0822E400F81073413A60AA9ED54,Softland SRL,DigiCert EV Code Signing CA ,QuasarRAT
3BCAED3EF678F2F9BF38D09E149B8D70,45D598691E79BE3C47E1883D4B0E149C13A76932EA630BE429B0CFCCF3217BC2,StarY Media Inc.,Sectigo RSA Code Signing CA,Quakbot
091736D368A5980EBEB433A0ECB49FBB,B1C1DC94F0C775DEEB46A0A019597C4AC27AB2810E3B3241BDC284D2FCCF3EB5,ELEKSIR,Sectigo RSA Code Signing CA,Unknown malware
04332C16724FFEDA5868D22AF56AEA43,79B7851C3F611F2035AE26C1C76E513F0F10402EF7B4B25775553868B3934DEB,Bespoke Software Solutions Limited,DigiCert EV Code Signing CA ,Unknown malware
E48CB3314977D77DEDCD4C77DD144C50,025BCE0F36EC5BAC08853966270ED2F5E28765D9C398044462A28C67D74D71E1,BESPOKE SOFTWARE SOLUTIONS LIMITED,Sectigo RSA Code Signing CA,Unknown malware
085B70224253486624FC36FA658A1E32,693CC59045DE342FBE55E06CBACD006BFBED33BEAE4000E3013CE910B967D6DB,Best Fud,DigiCert EV Code Signing CA ,Unknown malware
1E72A72351AECF884DF9CDB77A16FD84,F945BBEA1C2E2DD4ED17F5A98EA7C0F0ADD6BFC3D07353727B40CE48A7D5E48F,Buket and Co.,Buket and Co.,RedLineStealer
B383658885E271129A43D19DE40C1FC6,EF234051B4B83086B675FF58ACA85678544C14DA39DBDF4D4FA9D5F16E654E2F,Elekon,Sectigo RSA Code Signing CA,Gozi
CA7D54577243934F665FD1D443855A3D,2EA2C7625C1A42FFF63F0B17CFC4FD0C0F76D7EB45A86B18EC9A630D3D8AD913,FABO SP Z O O,Sectigo RSA Code Signing CA,IcedID
030012F134E64347669F3256C7D050C5,20C6F1FBE36B8FC089E56FAF57AFD2B61E551E7A02DDE618516BC2D3F3FF8219,Futumarket LLC,DigiCert EV Code Signing CA ,RedLineStealer
7709D2DF39E9A4F7DB2F3CBC29B49743,04349BA0F4D74F46387CEE8A13EE72AB875032B4396D6903A6E9E7F047426DE8,Grina LLC,Sectigo RSA Code Signing CA,RaccoonStealer
186D49FAC34CE99775B8E7FFBF50679D,812A80556775D658450362E1B3650872B91DEBA44FEF28F17C9364ADD5AA398E,Hairis LLC,Sectigo RSA Code Signing CA,Quakbot
97DF46ACB26B7C81A13CC467B47688C8,54C4929195FAFDDFD333871471A015FA68092F44E2F262F2BBF4EE980B41B809,Information Civilized System Oy,Sectigo RSA Code Signing CA,ParallaxRAT
2A52ACB34BD075AC9F58771D2A4BBFBA,C839065A159BEC7E63BFDCB1794889829853C07F7A931666F4EB84103302C1C9,Katarzyna Galganek mim e coc,Sectigo RSA Code Signing CA,CobaltStrike
5A9D897077A22AFE7AD4C4A01DF6C418,50FA9D22557354A078767CB61F93DE9ABE491E3A8CB69C280796C7C20EABD5B9,Klarens LLC,Sectigo RSA Code Signing CA,BazaLoader
D7C432E8D4EDEF515BFB9D1C214FF0F5,6256D3CA79330F7BD912A88E59F9A4F3BDEBDCD6B9C55CDA4E733E26583B3D61,LLC ,Sectigo RSA Code Signing CA,Quakbot
85E1AF2BE0F380E5A5D11513DDF45FC6,E9849101535B47FF2A67E4897113C06F024D33F575BAA5B426352F15116B98B4,Makke Digital Works,Sectigo RSA Code Signing CA,Shiotob
02AA497D39320FC979AD96160D90D410,33E8E72A75D6F424C5A10D2B771254C07A7D9C138E5FEA703117FE60951427AE,MATCHLESS GIFTS,Sectigo RSA Code Signing CA,Egregor Ransomware
0BAB6A2AA84B495D9E554A4C42C0126D,E6FA7B4756B41B8EC049237B96A8C1DF2ADA4582E440A63D8FC3B0787C3EFEB8,NOSOV SP Z O O,DigiCert EV Code Signing CA ,BazaLoader
D0B094274C761F367A8EAEA08E1D9C8F,E94A9D81C4A67EF953FDB27AAD6EC8FA347E6903B140D21468066BDCA8925BC5,Nsasoft US LLC,Sectigo RSA Code Signing CA,ModiLoader
D59A05955A4A421500F9561CE983AAC4,7F56555AC8479D4E130A89E787B7FF2F47005CC02776CF7A30A58611748C4C2E,Olymp LLC,Sectigo RSA Code Signing CA,Quakbot
35590EBE4A02DC23317D8CE47A947A9B,D9B60A67CF3C8964BE1E691D22B97932D40437BFEAD97A84C1350A2C57914F28,OOO Largos,Sectigo RSA Code Signing CA,Quakbot
1F23F001458716D435CCA1A55D660EC5,934D9357B6FB96F7FB8C461DD86824B3EED5F44A65C10383FE0BE742C8C9B60E,OOO Ringen,Sectigo RSA Code Signing CA,Quakbot
C2FC83D458E653837FCFC132C9B03062,82294A7EFA5208EB2344DB420B9AEFF317337A073C1A6B41B39DDA549A94557E,OOO Vertical,Sectigo RSA Code Signing CA,Quakbot
4B03CABE6A0481F17A2DBEB9AEFAD425,2E86CB95AA7E4C1F396E236B41BB184787274BB286909B60790B98F713B58777,RASSVET,Sectigo RSA Code Signing CA,Quakbot
539015999E304A5952985A994F9C3A53,7731825AEA38CFC77BA039A74417DD211ABEF2E16094072D8C2384AF1093F575,Service lab LLC,Sectigo RSA Code Signing CA,Quakbot
016836311FC39FBB8E6F308BB03CC2B3,CAB373E2D4672BEACF4CA9C9BAF75A2182A106CCA5EA32F2FC2295848771A979,SERVICE STREAM LIMITED,Sectigo RSA Code Signing CA,Quakbot
9BD81A9ADAF71F1FF081C1F4A05D7FD7,885B9F1306850A87598E5230FCAE71282042B74E8A14CABB0A904C559B506ACB,SMART TOYS AND GAMES,Sectigo RSA Code Signing CA,Quakbot
082023879112289BF351D297CC8EFCFC,0EB3382177F26E122E44DDD74DF262A45EBE8261029BC21B411958A07B06278A,STA-R TOV,DigiCert EV Code Signing CA ,TrickBot
ECE6CBF67DC41635A5E5D075F286AF23,F1F83C96AB00DCB70C0231D946B6FBD6A01E2C94E8F9F30352BBE50E89A9A51C,THRANE AGENTUR ApS,Sectigo RSA Code Signing CA,RemoteManipulator
5FB6BAE8834EDD8D3D58818EDC86D7D7,026868BBC22C6A37094851E0C6F372DA90A8776B01F024BADB03033706828088,Tramplink LLC,Sectigo RSA Code Signing CA,Various malware
6E0CCBDFB4777E10EA6221B90DC350C2,367B3092FBCD132EFDBEBABDC7240E29E3C91366F78137A27177315D32A926B9,TRAUMALAB INTERNATIONAL APS,Sectigo RSA Code Signing CA,Quakbot
1249AA2ADA4967969B71CE63BF187C38,C139076033E8391C85BA05508C4017736A8A7D9C1350E6B5996DD94B374F403C,Umbrella LLC,Sectigo RSA Code Signing CA,Quakbot
2DCD0699DA08915DDE6D044CB474157C,13BF3156E66A57D413455973866102B0A1F6D45A1E6DE050CA9DCF16ECAFB4E2,VENTE DE TOUT,Sectigo RSA Code Signing CA,CobaltStrike
8D52FB12A2511E86BBB0BA75C517EAB0,9E918CE337AEBB755E23885D928E1A67ECA6823934935010E82B561B928DF2F9,VThink Software Consulting Inc.,Sectigo RSA Code Signing CA,ParallaxRAT
B1AEA98BF0CE789B6C952310F14EDDE0,28324A9746EDBDB41C9579032D6EB6AB4FD3E0906F250D4858CE9C5FE5E97469,Absolut LLC,Sectigo RSA Code Signing CA,BazaLoader
F097E59809AE2E771B7B9AE5FC3408D7,22AD7DF275C8B5036EA05B95CE5DA768049BD2B21993549EED3A8A5ADA990B1E,ABEL RENOVATIONS,Sectigo RSA Code Signing CA,Quakbot
51CD5393514F7ACE2B407C3DBFB09D8D,D497A1698F4B9A558DED6CFD8BC4B1D881EEB3C04F349B215FFA89946F63C7F0,APPI CZ a.s,Sectigo RSA Code Signing CA,Quakbot
